Workbook

Sheet Mode d'emploi
A1: Syndromik — relecture médicale de la base v0.7
A3: Objectif | B3: Vérifier que le contenu est conforme aux protocoles nationaux ivoiriens avant tout usage réel de l'application.
A4: Par où commencer | B4: Feuille « À valider » : ajouts proposés non relus (12 signes et 23 liens). Ensuite, si possible, les feuilles par type (contenu existant).
A5: Cellules à remplir | B5: Uniquement les colonnes sur fond jaune pâle : « Décision » et « Commentaire ».
A6: Décision | B6: Oui = correct tel quel · Non = à supprimer · À modifier = préciser la correction dans « Commentaire ».
A7: Urgence | B7: Feuille « Pathologies » : vérifier le niveau d'urgence ; en cas de désaccord, choisir « À modifier » et indiquer le bon niveau (Vitale, Élevée, Modérée, Faible).
A8: [à valider] | B8: Dans les listes de liens, ce repère signale un lien ajouté et non encore relu.
A9: Avancement | B9: Feuille « Synthèse » : se met à jour automatiquement.
A10: Ne pas modifier | B10: Les colonnes ID, Nom, Description, etc. (sauf demande explicite). Les corrections passent par « Commentaire ».
A12: Exemple de ligne remplie
A13: Type | B13: Lien
A14: Élément | B14: Fièvre → Syndrome ictérique
A15: Détail | B15: Le signe « Fièvre » est ajouté au syndrome « Syndrome ictérique ».
A16: Décision | B16: À modifier
A17: Commentaire | B17: Fièvre présente dans le palu, la leptospirose et la fièvre jaune, mais pas dans l'ictère néonatal : OK pour le lien, à nuancer dans la description.
A19: Source | B19: Généré automatiquement depuis data/syndromik_data.json (version 0.7) par relecture/generer_tableur.py.

Sheet Synthèse
A1: Avancement de la relecture
A3: Feuille | B3: Éléments | C3: Oui | D3: Non | E3: À modifier | F3: Restants | G3: Avancement
A4: À valider | B4: =ROWS('À valider'!$E$2:$E$36) -> 35 | C4: =COUNTIF('À valider'!$E$2:$E$36,"Oui") -> 0 | D4: =COUNTIF('À valider'!$E$2:$E$36,"Non") -> 0 | E4: =COUNTIF('À valider'!$E$2:$E$36,"À modifier") -> 0 | F4: =B4-C4-D4-E4 -> 35 | G4: =IF(B4=0,0,(C4+D4+E4)/B4) -> 0
A5: Signes | B5: =ROWS(Signes!$F$2:$F$72) -> 71 | C5: =COUNTIF(Signes!$F$2:$F$72,"Oui") -> 0 | D5: =COUNTIF(Signes!$F$2:$F$72,"Non") -> 0 | E5: =COUNTIF(Signes!$F$2:$F$72,"À modifier") -> 0 | F5: =B5-C5-D5-E5 -> 71 | G5: =IF(B5=0,0,(C5+D5+E5)/B5) -> 0
A6: Syndromes | B6: =ROWS(Syndromes!$G$2:$G$31) -> 30 | C6: =COUNTIF(Syndromes!$G$2:$G$31,"Oui") -> 0 | D6: =COUNTIF(Syndromes!$G$2:$G$31,"Non") -> 0 | E6: =COUNTIF(Syndromes!$G$2:$G$31,"À modifier") -> 0 | F6: =B6-C6-D6-E6 -> 30 | G6: =IF(B6=0,0,(C6+D6+E6)/B6) -> 0
A7: Pathologies | B7: =ROWS(Pathologies!$H$2:$H$55) -> 54 | C7: =COUNTIF(Pathologies!$H$2:$H$55,"Oui") -> 0 | D7: =COUNTIF(Pathologies!$H$2:$H$55,"Non") -> 0 | E7: =COUNTIF(Pathologies!$H$2:$H$55,"À modifier") -> 0 | F7: =B7-C7-D7-E7 -> 54 | G7: =IF(B7=0,0,(C7+D7+E7)/B7) -> 0
A8: Spécialités | B8: =ROWS(Spécialités!$F$2:$F$3) -> 2 | C8: =COUNTIF(Spécialités!$F$2:$F$3,"Oui") -> 0 | D8: =COUNTIF(Spécialités!$F$2:$F$3,"Non") -> 0 | E8: =COUNTIF(Spécialités!$F$2:$F$3,"À modifier") -> 0 | F8: =B8-C8-D8-E8 -> 2 | G8: =IF(B8=0,0,(C8+D8+E8)/B8) -> 0
A9: Total | B9: =SUM(B4:B8) -> 192 | C9: =SUM(C4:C8) -> 0 | D9: =SUM(D4:D8) -> 0 | E9: =SUM(E4:E8) -> 0 | F9: =SUM(F4:F8) -> 192 | G9: =IF(B9=0,0,(C9+D9+E9)/B9) -> 0
A11: Calculé à partir des colonnes « Décision » de chaque feuille.

Sheet À valider
A1: Type | B1: ID | C1: Élément | D1: Détail | E1: Décision | F1: Commentaire
A2: Nouveau signe | B2: sig_diarrhee_sanglante | C2: Diarrhée sanglante | D2: Selles liquides contenant du sang, souvent avec glaires et douleurs abdominales. Évoque une infection invasive (amibiase, shigellose). Synonymes : dysenterie, selles avec du sang, glaires et sang
A3: Nouveau signe | B3: sig_constipation | C3: Constipation | D3: Émission de selles rares ou difficiles. Peut accompagner une fièvre prolongée (fièvre typhoïde au début). Synonymes : selles rares, ventre bloqué
A4: Nouveau signe | B4: sig_fontanelle_bombee | C4: Fontanelle bombée | D4: Fontanelle antérieure tendue et saillante chez le nourrisson. Signe d'hypertension intracrânienne, évocateur de méningite. Synonymes : fontanelle tendue, fontanelle gonflée
A5: Nouveau signe | B5: sig_choc | C5: État de choc | D5: Défaillance circulatoire : extrémités froides, pouls faible et rapide, temps de recoloration allongé, tension basse. Urgence vitale. Synonymes : collapsus, extrémités froides, pouls filant, hypotension
A6: Nouveau signe | B6: sig_petechies | C6: Pétéchies | D6: Petites taches rouges ou violacées qui ne s'effacent pas à la pression. Traduisent un saignement sous la peau. Synonymes : purpura, petites taches rouges
A7: Nouveau signe | B7: sig_urines_foncees | C7: Urines foncées | D7: Urines de couleur foncée (thé, coca). Accompagnent souvent un ictère d'origine hépatique ou une hémolyse. Synonymes : urines couleur coca, urines brunes
A8: Nouveau signe | B8: sig_selles_decolorees | C8: Selles décolorées | D8: Selles pâles ou blanchâtres, signe d'un défaut d'écoulement de la bile. Synonymes : selles blanches, selles mastic
A9: Nouveau signe | B9: sig_douleur_hcd | C9: Douleur de l'hypochondre droit | D9: Douleur sous les côtes à droite, en regard du foie. Évoque une atteinte hépatique ou biliaire (hépatite, abcès amibien). Synonymes : douleur du foie, douleur sous les côtes à droite
A10: Nouveau signe | B10: sig_tachycardie | C10: Tachycardie | D10: Fréquence cardiaque élevée pour l'âge. Peut traduire une fièvre, une anémie, une déshydratation ou un choc. Synonymes : cœur rapide, palpitations
A11: Nouveau signe | B11: sig_douleur_retro_orbitaire | C11: Douleur rétro-orbitaire | D11: Douleur ressentie derrière les yeux, augmentée par les mouvements oculaires. Évocatrice de la dengue. Synonymes : douleur derrière les yeux, mal derrière les yeux
A12: Nouveau signe | B12: sig_gonflement_articulaire | C12: Gonflement articulaire | D12: Articulation gonflée, parfois chaude et douloureuse. Évoque une arthrite (chikungunya, RAA, drépanocytose). Synonymes : arthrite, articulation enflée
A13: Nouveau signe | B13: sig_pollakiurie | C13: Envies fréquentes d'uriner | D13: Besoin d'uriner fréquemment, en petites quantités. Signe d'irritation des voies urinaires. Synonymes : pollakiurie, uriner souvent
... A36: Lien | B36: sig_conjonctivite → syn_oculaire | C36: Œil rouge → Syndrome oculaire | D36: Le signe « Œil rouge » est ajouté au syndrome « Syndrome oculaire ».

Sheet Signes
A1: ID | B1: Nom | C1: Synonymes | D1: Description | E1: Syndromes liés | F1: Décision | G1: Commentaire
A2: sig_adenopathies | B2: Adénopathies | C2: ganglions gonflés, ganglions | D2: Ganglions augmentés de volume (cou, aisselles, aine). | E2: Syndrome d'immunodépression Syndrome lymphatique
A3: sig_amaigrissement | B3: Amaigrissement | C3: perte de poids, maigreur | D3: Perte de poids involontaire. | E3: Syndrome d'altération de l'état général Syndrome d'immunodépression Syndrome de malnutrition Syndrome respiratoire chronique
A4: sig_anorexie | B4: Anorexie | C4: perte d'appétit | D4: Perte de l'appétit. | E4: Syndrome d'altération de l'état général Syndrome de malnutrition
A5: sig_arthralgies | B5: Arthralgies | C5: douleurs articulaires | D5: Douleurs au niveau des articulations. | E5: Syndrome algique diffus
A6: sig_asthenie | B6: Asthénie | C6: fatigue, faiblesse | D6: Fatigue générale intense. | E6: Syndrome anémique Syndrome d'altération de l'état général Syndrome fébrile
A7: sig_baisse_vue | B7: Baisse de la vue | C7: cécité, perte de vision | D7: Diminution de la vision, pouvant aller jusqu'à la cécité. | E7: Syndrome oculaire
A8: sig_brulures_miction | B8: Brûlures mictionnelles | C8: dysurie, brûlures en urinant | D8: Sensation de brûlure en urinant. | E8: Syndrome d'IST (uro-génital) Syndrome urinaire [à valider]
A9: sig_constipation | B9: Constipation [à valider] | C9: selles rares, ventre bloqué | D9: Émission de selles rares ou difficiles. Peut accompagner une fièvre prolongée (fièvre typhoïde au début). | E9: Syndrome digestif fébrile [à valider]
A10: sig_contractures | B10: Contractures musculaires | C10: spasmes, raideur musculaire | D10: Raideur et contractions musculaires soutenues. | E10: Syndrome de spasmes musculaires
A11: sig_convulsions | B11: Convulsions | C11: crises | D11: Contractions musculaires involontaires, souvent avec perte de connaissance. | E11: Syndrome de spasmes musculaires Syndrome neurologique fébrile
A12: sig_croutes | B12: Croûtes cutanées | C12: lésions croûteuses | D12: Lésions de la peau recouvertes de croûtes (par exemple couleur miel dans l'impétigo). | E12: Syndrome de dermatose localisée
A13: sig_cephalees | B13: Céphalées | C13: maux de tête, mal de tête | D13: Douleurs de la tête. | E13: Syndrome algique diffus Syndrome fébrile Syndrome méningé Syndrome neurologique fébrile [à valider]
... A72: sig_conjonctivite | B72: Œil rouge | C72: conjonctivite, yeux rouges | D72: Yeux rouges et larmoyants. | E72: Syndrome oculaire [à valider] Syndrome éruptif fébrile

Sheet Syndromes
A1: ID | B1: Nom | C1: Synonymes | D1: Description | E1: Signes | F1: Pathologies | G1: Décision | H1: Commentaire
A2: syn_orl_douloureux | B2: Syndrome ORL douloureux | C2: douleur oreille-gorge | D2: Douleur de l'oreille ou de la gorge, souvent accompagnée de fièvre. | E2: Fièvre Mal de gorge Otalgie | F2: Diphtérie Otite moyenne aiguë
A3: syn_algique | B3: Syndrome algique diffus | C3: syndrome pseudo-grippal, courbatures fébriles | D3: Douleurs articulaires et musculaires diffuses accompagnant la fièvre. | E3: Arthralgies Céphalées Douleur rétro-orbitaire [à valider] Fièvre [à valider] Gonflement articulaire [à valider] Myalgies | F3: COVID-19 Chikungunya Dengue Drépanocytose Grippe Leptospirose Rhumatisme articulaire aigu (RAA)
A4: syn_anemique | B4: Syndrome anémique | C4: anémie | D4: Signes d'un manque de globules rouges : pâleur, fatigue, essoufflement. | E4: Asthénie Dyspnée [à valider] Ictère [à valider] Pâleur Splénomégalie Tachycardie [à valider] | F4: Anémie carentielle de l'enfant Drépanocytose Géohelminthiases Malnutrition aiguë sévère Paludisme
A5: syn_prurigineux | B5: Syndrome cutané prurigineux | C5: démangeaisons chroniques | D5: Démangeaisons intenses de la peau, parfois avec des nodules sous la peau. | E5: Nodule sous-cutané Prurit | F5: Gale Loase Onchocercose (cécité des rivières) Varicelle
A6: syn_cutane_ulcereux | B6: Syndrome cutané ulcéreux | C6: lésion cutanée creusante | D6: Lésion de la peau évoluant d'un nodule vers un ulcère creusant. | E6: Nodule sous-cutané Ulcère cutané | F6: Pian Ulcère de Buruli
A7: syn_cutaneo_nerveux | B7: Syndrome cutanéo-nerveux | C7: atteinte cutanée et nerveuse | D7: Taches de peau ayant perdu la sensibilité, avec atteinte des nerfs. | E7: Nodule sous-cutané Perte de sensibilité Taches cutanées | F7: Lèpre (maladie de Hansen)
A8: syn_ist | B8: Syndrome d'IST (uro-génital) | C8: infection sexuellement transmissible | D8: Ulcération ou écoulement au niveau génital, parfois brûlures en urinant. | E8: Brûlures mictionnelles Ulcération génitale Écoulement génital | F8: Gonococcie Syphilis
A9: syn_aeg | B9: Syndrome d'altération de l'état général | C9: AEG | D9: Amaigrissement, fatigue, perte d'appétit et sueurs nocturnes. | E9: Amaigrissement Anorexie Asthénie Sueurs nocturnes | F9: Infection à VIH / sida Trypanosomiase humaine africaine Tuberculose
A10: syn_immunodepression | B10: Syndrome d'immunodépression | C10: baisse des défenses | D10: Baisse des défenses de l'organisme : infections à répétition, diarrhée qui traîne, amaigrissement. | E10: Adénopathies Amaigrissement Diarrhée | F10: Infection à VIH / sida
A11: syn_dermatose_localisee | B11: Syndrome de dermatose localisée | C11: lésion cutanée localisée | D11: Lésions de peau localisées : rougeurs, croûtes et démangeaisons. | E11: Croûtes cutanées Prurit Éruption cutanée | F11: Impétigo Teigne du cuir chevelu
A12: syn_deshydratation | B12: Syndrome de déshydratation | C12: déshydratation | D12: Perte importante d'eau : diarrhée abondante, soif intense, pli de la peau qui persiste. | E12: Diarrhée Pli cutané persistant Soif intense Vomissements | F12: Amibiase Choléra Gastro-entérite aiguë
A13: syn_malnutrition | B13: Syndrome de malnutrition | C13: dénutrition | D13: Amaigrissement, retard de croissance et parfois œdèmes, avec perte d'appétit. | E13: Amaigrissement Anorexie Retard de croissance Œdèmes | F13: Malnutrition aiguë sévère
... A31: syn_eruptif_febrile | B31: Syndrome éruptif fébrile | C31: fièvre éruptive | D31: Fièvre accompagnée d'une éruption sur la peau, souvent avec toux et yeux rouges. | E31: Fièvre Toux Éruption cutanée Œil rouge | F31: Mpox Rougeole Syphilis Varicelle

Sheet Pathologies
A1: ID | B1: Nom | C1: Synonymes | D1: Description | E1: Urgence | F1: Syndromes | G1: Spécialités | H1: Décision | I1: Commentaire
A2: pat_amibiase | B2: Amibiase | C2: amœbose, dysenterie amibienne | D2: Infection parasitaire intestinale (Entamoeba histolytica) liée à l'eau et aux aliments souillés. Donne une diarrhée glairo-sanglante, parfois un abcès du foie. | E2: Modérée | F2: Syndrome de déshydratation Syndrome digestif fébrile | G2: Maladies infectieuses (Infectiologie)
A3: pat_anemie_enfant | B3: Anémie carentielle de l'enfant | C3: anémie ferriprive | D3: Manque de globules rouges par carence (fer), aggravé par le paludisme et les vers. Se traduit par pâleur et fatigue. | E3: Modérée | F3: Syndrome anémique | G3: Pédiatrie
A4: pat_asphyxie_neonatale | B4: Asphyxie néonatale | C4: souffrance à la naissance | D4: Manque d'oxygène autour de la naissance, pouvant laisser des séquelles neurologiques. Urgence de la salle de naissance. | E4: Vitale | F4: Syndrome de souffrance du nouveau-né | G4: Pédiatrie
A5: pat_bronchiolite | B5: Bronchiolite du nourrisson | C5: VRS | D5: Infection virale des petites bronches du nourrisson, avec gêne respiratoire et sifflement. | E5: Modérée | F5: Syndrome respiratoire aigu | G5: Maladies infectieuses (Infectiologie) Pédiatrie
A6: pat_covid19 | B6: COVID-19 | C6: coronavirus, SARS-CoV-2 | D6: Maladie virale respiratoire allant du simple rhume à la détresse respiratoire chez les personnes fragiles. | E6: Modérée | F6: Syndrome algique diffus Syndrome fébrile Syndrome respiratoire aigu | G6: Maladies infectieuses (Infectiologie)
A7: pat_chikungunya | B7: Chikungunya | C7: chik | D7: Maladie virale transmise par le moustique Aedes, dominée par des douleurs articulaires intenses et prolongées. | E7: Faible | F7: Syndrome algique diffus Syndrome fébrile | G7: Maladies infectieuses (Infectiologie)
A8: pat_cholera | B8: Choléra | C8: choléra | D8: Diarrhée aqueuse très abondante d'origine bactérienne (Vibrio cholerae), liée à l'eau souillée. Urgence : la déshydratation peut tuer en quelques heures. | E8: Vitale | F8: Syndrome de déshydratation Syndrome digestif fébrile | G8: Maladies infectieuses (Infectiologie) Pédiatrie
A9: pat_convulsions_febriles | B9: Convulsions fébriles | C9: crises fébriles | D9: Convulsions déclenchées par la fièvre chez le jeune enfant, le plus souvent bénignes mais impressionnantes ; il faut toujours éliminer une méningite. | E9: Modérée | F9: Syndrome neurologique fébrile | G9: Pédiatrie
A10: pat_coqueluche | B10: Coqueluche | C10: toux quinteuse | D10: Infection respiratoire bactérienne très contagieuse, dangereuse chez le nourrisson (quintes de toux). Évitable par la vaccination. | E10: Modérée | F10: Syndrome fébrile Syndrome respiratoire chronique | G10: Maladies infectieuses (Infectiologie) Pédiatrie
A11: pat_dengue | B11: Dengue | C11: fièvre de la dengue | D11: Maladie virale transmise par le moustique Aedes. Épidémies périodiques en Côte d'Ivoire ; la forme sévère est hémorragique. | E11: Modérée | F11: Syndrome algique diffus Syndrome fébrile Syndrome hémorragique | G11: Maladies infectieuses (Infectiologie)
A12: pat_diphterie | B12: Diphtérie | C12: angine à fausses membranes | D12: Infection bactérienne de la gorge formant de fausses membranes pouvant obstruer les voies respiratoires. Évitable par la vaccination. | E12: Élevée | F12: Syndrome ORL douloureux Syndrome fébrile Syndrome respiratoire aigu | G12: Maladies infectieuses (Infectiologie) Pédiatrie
A13: pat_drepanocytose | B13: Drépanocytose | C13: anémie SS, hémoglobinose S | D13: Maladie génétique de l'hémoglobine très fréquente en Afrique de l'Ouest, responsable d'anémie chronique et de crises douloureuses. Partagée avec l'hématologie. | E13: Élevée | F13: Syndrome algique diffus Syndrome anémique Syndrome fébrile | G13: Pédiatrie
... A55: pat_varicelle | B55: Varicelle | C55: picote | D55: Maladie virale très contagieuse de l'enfant : éruption de vésicules qui démangent, avec fièvre modérée. | E55: Faible | F55: Syndrome cutané prurigineux Syndrome éruptif fébrile | G55: Maladies infectieuses (Infectiologie) Pédiatrie

Sheet Spécialités
A1: ID | B1: Nom | C1: Synonymes | D1: Description | E1: Pathologies | F1: Décision | G1: Commentaire
A2: spe_infectiologie | B2: Maladies infectieuses (Infectiologie) | D2: Domaine des maladies causées par des agents infectieux : parasites, bactéries, virus. Spécialité centrale dans le contexte ivoirien. | E2: Amibiase Bronchiolite du nourrisson COVID-19 Chikungunya Choléra Coqueluche Dengue Diphtérie Filariose lymphatique Fièvre de Lassa Fièvre jaune Fièvre typhoïde Gale Gastro-entérite aiguë Gonococcie Grippe Géohelminthiases Hépatite virale B Impétigo Infection néonatale (sepsis) Infection à VIH / sida Laryngite aiguë Leptospirose Loase Lèpre (maladie de Hansen) Mpox Méningite bactérienne Onchocercose (cécité des rivières) Oreillons Otite moyenne aiguë Paludisme Pian Pneumonie de l'enfant Poliomyélite Rage Rougeole Schistosomiase (bilharziose) Syphilis Teigne du cuir chevelu Trachome Trypanosomiase humaine africaine Tuberculose Tétanos Tétanos néonatal Ulcère de Buruli Varicelle
A3: spe_pediatrie | B3: Pédiatrie | D3: Médecine de l'enfant, du nouveau-né à l'adolescent. En Côte d'Ivoire, elle concentre une grande part de la mortalité évitable : paludisme, diarrhées, pneumonies, malnutrition, souffrance néonatale. | E3: Anémie carentielle de l'enfant Asphyxie néonatale Bronchiolite du nourrisson Choléra Convulsions fébriles Coqueluche Diphtérie Drépanocytose Fièvre typhoïde Gastro-entérite aiguë Géohelminthiases Ictère néonatal Impétigo Infection néonatale (sepsis) Infection à VIH / sida Laryngite aiguë Malnutrition aiguë sévère Méningite bactérienne Oreillons Otite moyenne aiguë Paludisme Pneumonie de l'enfant Poliomyélite Prématurité / faible poids de naissance Rhumatisme articulaire aigu (RAA) Rougeole Teigne du cuir chevelu Tuberculose Tétanos Tétanos néonatal Varicelle
